<?xml version="1.0" encoding="UTF-8" standalone="no"?>
<config>
    <lines at="topleft">
        <line>
            <str>Day {day}, {mctime} (</str>
            <if>
                <var>daytime</var>
                <str>$eDay</str>
                <str>$8Night</str>
            </if>
            <str> time$f)</str>
        </line>
        <line>
            <str>Biome: $e{biome}$f</str>
            <if>
                <var>slimes</var>
                <str> ($aSlime$f)</str>
                <str> </str>
            </if>
        </line>
        <line>
            <str>Light: </str>
            <max>
                <var>light</var>
                <num>7.5</num>
                <str>$e</str>
                <str>$c</str>
            </max>
            <var>light</var>
            <str>$r (feet: </str>
            <max>
                <var>lightfeet</var>
                <num>7.5</num>
                <str>$e</str>
                <str>$c</str>
            </max>
            <var>lightfeet</var>
            <str>$r)</str>
        </line>
        <line>
            <str>$fEXP: $e{xpthislevel}$f / $e{xpcap}$f ($e</str>
            <round>
                <pct>
                    <var>xpthislevel</var>
                    <var>xpcap</var>
                </pct>
                <num>0</num>
            </round>
            <str>%$f)</str>
        </line>
        <line>
            <str>FPS: </str>
            <max>
                <var>fps</var>
                <num>30</num>
                <str>$a</str>
                <str>$c</str>
            </max>
            <var>fps</var>
        </line>
        <line>
            <str>Entities: $e{entitiesrendered}$f / $e{entitiestotal}$f</str>
        </line>
    </lines>
    <lines at="topcenter">
        <line>
            <str>$b{username}$f</str>
        </line>
    </lines>
    <lines at="botleft">
        <line>
            <var>equippedname</var>
            <max>
                <var>equippeddamageleft</var>
                <num>0.5</num>
                <str>: </str>
                <str> </str>
            </max>
            <max>
                <pct>
                    <var>equippeddamageleft</var>
                    <var>equippedmaxdamage</var>
                </pct>
                <num>10</num>
                <max>
                    <pct>
                        <var>equippeddamageleft</var>
                        <var>equippedmaxdamage</var>
                    </pct>
                    <num>20</num>
                    <max>
                        <pct>
                            <var>equippeddamageleft</var>
                            <var>equippedmaxdamage</var>
                        </pct>
                        <num>50</num>
                        <str>$e</str>
                        <str>$6</str>
                    </max>
                    <str>$c</str>
                </max>
                <str>$4</str>
            </max>
            <max>
                <var>equippeddamageleft</var>
                <num>0.5</num>
                <str>{equippeddamageleft}$f / $e{equippedmaxdamage}</str>
                <str> </str>
            </max>
        </line>
        <line>
            <str> </str>
        </line>
    </lines>
    <lines at="botright">
        <line>
            <max>
                <var>potiondurationticks0</var>
                <num>0.5</num>
                <str>{potioneffect0}: {potionduration0}</str>
                <str> </str>
            </max>
        </line>
        <line>
            <max>
                <var>potiondurationticks1</var>
                <num>0.5</num>
                <str>{potioneffect1}: {potionduration1}</str>
                <str> </str>
            </max>
        </line>
        <line>
            <max>
                <var>potiondurationticks2</var>
                <num>0.5</num>
                <str>{potioneffect2}: {potionduration2}</str>
                <str> </str>
            </max>
        </line>
        <line>
            <max>
                <var>potiondurationticks3</var>
                <num>0.5</num>
                <str>{potioneffect3}: {potionduration3}</str>
                <str> </str>
            </max>
        </line>
        <line>
            <max>
                <var>potiondurationticks4</var>
                <num>0.5</num>
                <str>{potioneffect4}: {potionduration4}</str>
                <str> </str>
            </max>
        </line>
        <line>
            <max>
                <var>potiondurationticks5</var>
                <num>0.5</num>
                <str>{potioneffect5}: {potionduration5}</str>
                <str> </str>
            </max>
        </line>
        <line>
            <max>
                <var>potiondurationticks6</var>
                <num>0.5</num>
                <str>{potioneffect6}: {potionduration6}</str>
                <str> </str>
            </max>
        </line>
        <line>
            <max>
                <var>potiondurationticks7</var>
                <num>0.5</num>
                <str>{potioneffect7}: {potionduration7}</str>
                <str> </str>
            </max>
        </line>
        <line>
            <max>
                <var>potiondurationticks8</var>
                <num>0.5</num>
                <str>{potioneffect8}: {potionduration8}</str>
                <str> </str>
            </max>
        </line>
        <line>
            <var>helmetname</var>
            <max>
                <var>helmetdamageleft</var>
                <num>0.5</num>
                <str>: </str>
                <str> </str>
            </max>
            <max>
                <pct>
                    <var>helmetdamageleft</var>
                    <var>helmetmaxdamage</var>
                </pct>
                <num>10</num>
                <max>
                    <pct>
                        <var>helmetdamageleft</var>
                        <var>helmetmaxdamage</var>
                    </pct>
                    <num>20</num>
                    <max>
                        <pct>
                            <var>helmetdamageleft</var>
                            <var>helmetmaxdamage</var>
                        </pct>
                        <num>50</num>
                        <str>$e</str>
                        <str>$6</str>
                    </max>
                    <str>$c</str>
                </max>
                <str>$4</str>
            </max>
            <max>
                <var>helmetdamageleft</var>
                <num>0.5</num>
                <str>{helmetdamageleft}$f / $e{helmetmaxdamage}</str>
                <str> </str>
            </max>
        </line>
        <line>
            <var>chestplatename</var>
            <max>
                <var>chestplatedamageleft</var>
                <num>0.5</num>
                <str>: </str>
                <str> </str>
            </max>
            <max>
                <pct>
                    <var>chestplatedamageleft</var>
                    <var>chestplatemaxdamage</var>
                </pct>
                <num>10</num>
                <max>
                    <pct>
                        <var>chestplatedamageleft</var>
                        <var>chestplatemaxdamage</var>
                    </pct>
                    <num>20</num>
                    <max>
                        <pct>
                            <var>chestplatedamageleft</var>
                            <var>chestplatemaxdamage</var>
                        </pct>
                        <num>50</num>
                        <str>$e</str>
                        <str>$6</str>
                    </max>
                    <str>$c</str>
                </max>
                <str>$4</str>
            </max>
            <max>
                <var>chestplatedamageleft</var>
                <num>0.5</num>
                <str>{chestplatedamageleft}$f / $e{chestplatemaxdamage}</str>
                <str> </str>
            </max>
        </line>
        <line>
            <var>leggingsname</var>
            <max>
                <var>leggingsdamageleft</var>
                <num>0.5</num>
                <str>: </str>
                <str> </str>
            </max>
            <max>
                <pct>
                    <var>leggingsdamageleft</var>
                    <var>leggingsmaxdamage</var>
                </pct>
                <num>10</num>
                <max>
                    <pct>
                        <var>leggingsdamageleft</var>
                        <var>leggingsmaxdamage</var>
                    </pct>
                    <num>20</num>
                    <max>
                        <pct>
                            <var>leggingsdamageleft</var>
                            <var>leggingsmaxdamage</var>
                        </pct>
                        <num>50</num>
                        <str>$e</str>
                        <str>$6</str>
                    </max>
                    <str>$c</str>
                </max>
                <str>$4</str>
            </max>
            <max>
                <var>leggingsdamageleft</var>
                <num>0.5</num>
                <str>{leggingsdamageleft}$f / $e{leggingsmaxdamage}</str>
                <str> </str>
            </max>
        </line>
        <line>
            <var>bootsname</var>
            <max>
                <var>bootsdamageleft</var>
                <num>0.5</num>
                <str>: </str>
                <str> </str>
            </max>
            <max>
                <pct>
                    <var>bootsdamageleft</var>
                    <var>bootsmaxdamage</var>
                </pct>
                <num>10</num>
                <max>
                    <pct>
                        <var>bootsdamageleft</var>
                        <var>bootsmaxdamage</var>
                    </pct>
                    <num>20</num>
                    <max>
                        <pct>
                            <var>bootsdamageleft</var>
                            <var>bootsmaxdamage</var>
                        </pct>
                        <num>50</num>
                        <str>$e</str>
                        <str>$6</str>
                    </max>
                    <str>$c</str>
                </max>
                <str>$4</str>
            </max>
            <max>
                <var>bootsdamageleft</var>
                <num>0.5</num>
                <str>{bootsdamageleft}$f / $e{bootsmaxdamage}</str>
                <str> </str>
            </max>
        </line>
    </lines>
</config>
